Unnamed: 0,time_sec,azimuth,elevation,realaz
0,2025-09-01 10:03:20,114.08,46.5,343.12
1,2025-09-01 10:03:25,113.16,45.43,342.2
2,2025-09-01 10:03:30,110.26,43.92,339.3
3,2025-09-01 10:03:35,111.65,41.71,340.69
4,2025-09-01 10:03:40,107.7,44.41,336.74
5,2025-09-01 10:03:45,104.73,42.94,333.77
6,2025-09-01 10:03:50,101.24,42.8,330.28
7,2025-09-01 10:03:55,106.06,42.91,335.1
8,2025-09-01 10:04:00,105.74,44.57,334.78
9,2025-09-01 10:04:05,105.01,44.89,334.05
10,2025-09-01 10:04:10,110.28,45.92,339.32
11,2025-09-01 10:04:15,113.1,43.15,342.14
12,2025-09-01 10:04:20,109.74,45.63,338.78
13,2025-09-01 10:04:25,106.83,44.18,335.87
14,2025-09-01 10:04:30,110.13,42.97,339.17
15,2025-09-01 10:04:35,112.8,40.6,341.84
16,2025-09-01 10:04:40,119.56,39.71,348.6
17,2025-09-01 10:04:45,118.52,41.63,347.56
18,2025-09-01 10:04:50,119.19,45.37,348.23
19,2025-09-01 10:04:55,112.95,46.76,341.99
20,2025-09-01 10:05:00,110.91,46.42,339.95
21,2025-09-01 10:05:05,109.48,48.94,338.52
22,2025-09-01 10:05:10,110.89,50.5,339.93
23,2025-09-01 10:05:15,98.4,50.95,327.44
24,2025-09-01 10:05:20,96.89,47.03,325.93
25,2025-09-01 10:05:25,102.53,47.23,331.57
26,2025-09-01 10:05:30,106.24,44.99,335.28
27,2025-09-01 10:05:35,104.26,47.63,333.3
28,2025-09-01 10:05:40,96.23,46.58,325.27
29,2025-09-01 10:05:45,97.61,47.78,326.65
30,2025-09-01 10:05:50,92.27,49.25,321.31
31,2025-09-01 10:05:55,96.32,49.36,325.36
32,2025-09-01 10:06:00,100.57,51.07,329.61
33,2025-09-01 10:06:05,108.62,49.1,337.66
34,2025-09-01 10:06:10,113.9,47.67,342.94
35,2025-09-01 10:06:15,112.1,41.84,341.14
36,2025-09-01 10:06:20,111.88,39.08,340.92
37,2025-09-01 10:06:25,111.45,38.58,340.49
38,2025-09-01 10:06:30,114.86,42.16,343.9
39,2025-09-01 10:06:35,111.5,44.61,340.54
40,2025-09-01 10:06:40,111.35,47.87,340.39
41,2025-09-01 10:06:45,112.68,46.25,341.72
42,2025-09-01 10:06:50,117.75,47.64,346.79
43,2025-09-01 10:06:55,110.69,45.79,339.73
44,2025-09-01 10:07:00,110.05,42.4,339.09
45,2025-09-01 10:07:05,113.07,38.42,342.11
46,2025-09-01 10:07:10,118.14,42.44,347.18
47,2025-09-01 10:07:15,118.81,43.39,347.85
48,2025-09-01 10:07:20,115.59,41.95,344.63
49,2025-09-01 10:07:25,113.03,43.58,342.07
50,2025-09-01 10:07:30,110.81,46.55,339.85
51,2025-09-01 10:07:35,109.33,46.42,338.37
52,2025-09-01 10:07:40,104.81,44.79,333.85
53,2025-09-01 10:07:45,104.66,44.79,333.7
54,2025-09-01 10:07:50,108.31,47.45,337.35
55,2025-09-01 10:07:55,111.9,51.11,340.94
56,2025-09-01 10:08:00,107.71,54.99,336.75
57,2025-09-01 10:08:05,115.67,59.65,344.71
58,2025-09-01 10:08:10,109.55,62.12,338.59
59,2025-09-01 10:08:15,110.83,58.15,339.87
60,2025-09-01 10:08:20,112.68,58.98,341.72
61,2025-09-01 10:08:25,111.95,52.58,340.99
62,2025-09-01 10:08:30,111.72,45.05,340.76
63,2025-09-01 10:08:35,112.55,38.28,341.59
64,2025-09-01 10:08:40,115.01,40.69,344.05
65,2025-09-01 10:08:45,116.61,45.36,345.65
66,2025-09-01 10:08:50,115.68,47.76,344.72
67,2025-09-01 10:08:55,111.52,41.86,340.56
68,2025-09-01 10:09:00,107.71,38.65,336.75
69,2025-09-01 10:09:05,104.5,36.9,333.54
70,2025-09-01 10:09:10,101.13,38.36,330.17
71,2025-09-01 10:09:15,97.35,40.45,326.39
72,2025-09-01 10:09:20,97.03,42.73,326.07
73,2025-09-01 10:09:25,95.49,51.99,324.53
74,2025-09-01 10:09:30,113.51,51.3,342.55
75,2025-09-01 10:09:35,118.27,56.2,347.31
76,2025-09-01 10:09:40,117.48,52.46,346.52
77,2025-09-01 10:09:45,116.1,49.31,345.14
78,2025-09-01 10:09:50,107.01,48.94,336.05
79,2025-09-01 10:09:55,107.79,49.77,336.83
80,2025-09-01 10:10:00,104.65,47.69,333.69
81,2025-09-01 10:10:05,103.65,47.38,332.69
82,2025-09-01 10:10:10,104.31,48.0,333.35
83,2025-09-01 10:10:15,106.16,47.07,335.2
84,2025-09-01 10:10:20,110.38,47.78,339.42
85,2025-09-01 10:10:25,116.13,48.55,345.17
86,2025-09-01 10:10:30,114.84,47.1,343.88
87,2025-09-01 10:10:35,111.22,45.68,340.26
88,2025-09-01 10:10:40,104.33,49.59,333.37
89,2025-09-01 10:10:45,104.1,49.05,333.14
90,2025-09-01 10:10:50,104.85,49.46,333.89
91,2025-09-01 10:10:55,105.39,51.48,334.43
92,2025-09-01 10:11:00,103.43,53.7,332.47
93,2025-09-01 10:11:05,98.08,55.15,327.12
94,2025-09-01 10:11:10,100.7,54.19,329.74
95,2025-09-01 10:11:15,102.96,54.7,332.0
96,2025-09-01 10:11:20,107.04,53.21,336.08
97,2025-09-01 10:11:25,110.02,55.73,339.06
98,2025-09-01 10:11:30,117.73,54.85,346.77
99,2025-09-01 10:11:35,119.6,54.99,348.64
100,2025-09-01 10:11:40,117.5,56.56,346.54
101,2025-09-01 10:11:45,116.15,57.18,345.19
102,2025-09-01 10:11:50,115.44,51.65,344.48
103,2025-09-01 10:11:55,111.7,44.62,340.74
104,2025-09-01 10:12:00,112.86,37.1,341.9
105,2025-09-01 10:12:05,108.75,39.84,337.79
106,2025-09-01 10:12:10,110.55,42.37,339.59
107,2025-09-01 10:12:15,115.95,45.83,344.99
108,2025-09-01 10:12:20,116.36,45.75,345.4
109,2025-09-01 10:12:25,118.41,43.39,347.45
110,2025-09-01 10:12:30,118.73,42.6,347.77
111,2025-09-01 10:12:35,116.96,43.78,346.0
112,2025-09-01 10:12:40,116.07,48.45,345.11
113,2025-09-01 10:12:45,112.25,51.23,341.29
114,2025-09-01 10:12:50,121.02,53.93,350.06
115,2025-09-01 10:12:55,116.47,58.5,345.51
116,2025-09-01 10:13:00,123.28,60.89,352.32
117,2025-09-01 10:13:05,121.68,61.59,350.72
118,2025-09-01 10:13:10,119.8,59.58,348.84
119,2025-09-01 10:13:15,113.35,61.24,342.39
120,2025-09-01 10:13:20,110.32,52.59,339.36
121,2025-09-01 10:13:25,109.57,52.63,338.61
122,2025-09-01 10:13:30,106.68,52.33,335.72
123,2025-09-01 10:13:35,106.41,49.91,335.45
124,2025-09-01 10:13:40,103.13,43.66,332.17
125,2025-09-01 10:13:45,95.98,44.36,325.02
126,2025-09-01 10:13:50,98.32,41.93,327.36
127,2025-09-01 10:13:55,100.75,37.03,329.79
128,2025-09-01 10:14:00,104.04,41.57,333.08
129,2025-09-01 10:14:05,101.45,48.03,330.49
130,2025-09-01 10:14:10,112.13,52.15,341.17
131,2025-09-01 10:14:15,99.31,53.68,328.35
132,2025-09-01 10:14:20,98.85,46.02,327.89
133,2025-09-01 10:14:25,101.16,44.88,330.2
134,2025-09-01 10:14:30,104.41,44.63,333.45
135,2025-09-01 10:14:35,108.97,44.05,338.01
136,2025-09-01 10:14:40,114.25,44.86,343.29
137,2025-09-01 10:14:45,117.16,43.33,346.2
138,2025-09-01 10:14:50,120.0,45.05,349.04
139,2025-09-01 10:14:55,117.46,46.94,346.5
140,2025-09-01 10:15:00,108.64,47.99,337.68
141,2025-09-01 10:15:05,107.87,47.37,336.91
142,2025-09-01 10:15:10,106.9,42.15,335.94
143,2025-09-01 10:15:15,105.24,39.36,334.28
144,2025-09-01 10:15:20,109.61,43.44,338.65
145,2025-09-01 10:15:25,108.59,47.69,337.63
146,2025-09-01 10:15:30,112.45,49.07,341.49
147,2025-09-01 10:15:35,112.73,50.14,341.77
148,2025-09-01 10:15:40,113.5,50.36,342.54
149,2025-09-01 10:15:45,113.53,49.87,342.57
150,2025-09-01 10:15:50,110.59,48.43,339.63
151,2025-09-01 10:15:55,112.93,49.97,341.97
152,2025-09-01 10:16:00,110.3,48.39,339.34
153,2025-09-01 10:16:05,102.84,46.94,331.88
154,2025-09-01 10:16:10,102.31,44.41,331.35
155,2025-09-01 10:16:15,107.8,42.35,336.84
156,2025-09-01 10:16:20,110.21,42.42,339.25
157,2025-09-01 10:16:25,117.32,37.74,346.36
158,2025-09-01 10:16:30,113.45,39.86,342.49
159,2025-09-01 10:16:35,106.76,38.06,335.8
160,2025-09-01 10:16:40,103.5,39.64,332.54
161,2025-09-01 10:16:45,110.47,36.46,339.51
162,2025-09-01 10:16:50,112.5,42.84,341.54
163,2025-09-01 10:16:55,111.75,46.67,340.79
164,2025-09-01 10:17:00,99.73,47.22,328.77
165,2025-09-01 10:17:05,94.62,50.63,323.65999999999997
166,2025-09-01 10:17:10,98.09,50.37,327.13
167,2025-09-01 10:17:15,103.52,48.26,332.56
168,2025-09-01 10:17:20,110.46,45.12,339.5
169,2025-09-01 10:17:25,111.51,47.8,340.55
170,2025-09-01 10:17:30,110.14,49.33,339.18
171,2025-09-01 10:17:35,113.42,50.45,342.46
172,2025-09-01 10:17:40,117.72,55.95,346.76
173,2025-09-01 10:17:45,108.25,49.43,337.29
174,2025-09-01 10:17:50,109.89,45.28,338.93
175,2025-09-01 10:17:55,107.73,44.95,336.77
176,2025-09-01 10:18:00,97.46,47.17,326.5
177,2025-09-01 10:18:05,80.14,42.48,309.18
178,2025-09-01 10:18:10,78.93,39.27,307.97
179,2025-09-01 10:18:15,84.05,38.62,313.09000000000003
180,2025-09-01 10:18:20,85.93,45.8,314.97
181,2025-09-01 10:18:25,94.51,46.63,323.55
182,2025-09-01 10:18:30,101.85,49.61,330.89
183,2025-09-01 10:18:35,107.38,50.92,336.42
184,2025-09-01 10:18:40,107.31,49.61,336.35
185,2025-09-01 10:18:45,109.14,48.85,338.18
186,2025-09-01 10:18:50,110.25,47.33,339.29
187,2025-09-01 10:18:55,103.19,48.8,332.23
188,2025-09-01 10:19:00,96.68,48.8,325.72
189,2025-09-01 10:19:05,91.07,48.27,320.11
190,2025-09-01 10:19:10,90.5,44.69,319.54
191,2025-09-01 10:19:15,97.47,42.57,326.51
192,2025-09-01 10:19:20,103.67,41.58,332.71
193,2025-09-01 10:19:25,113.72,39.13,342.76
194,2025-09-01 10:19:30,110.34,44.0,339.38
195,2025-09-01 10:19:35,105.48,44.29,334.52
196,2025-09-01 10:19:40,106.15,45.62,335.19
197,2025-09-01 10:19:45,111.04,45.57,340.08
198,2025-09-01 10:19:50,111.14,44.91,340.18
199,2025-09-01 10:19:55,108.1,42.77,337.14
200,2025-09-01 10:20:00,101.43,45.73,330.47
201,2025-09-01 10:20:05,96.56,47.78,325.6
202,2025-09-01 10:20:10,101.2,47.64,330.24
203,2025-09-01 10:20:15,100.45,49.42,329.49
204,2025-09-01 10:20:20,100.46,51.37,329.5
205,2025-09-01 10:20:25,97.54,49.73,326.58
206,2025-09-01 10:20:30,98.66,52.7,327.7
207,2025-09-01 10:20:35,97.77,49.58,326.81
208,2025-09-01 10:20:40,100.48,51.29,329.52
209,2025-09-01 10:20:45,111.32,49.41,340.36
210,2025-09-01 10:20:50,104.77,48.1,333.81
211,2025-09-01 10:20:55,104.33,48.16,333.37
212,2025-09-01 10:21:00,102.05,44.5,331.09
213,2025-09-01 10:21:05,105.68,45.07,334.72
214,2025-09-01 10:21:10,105.24,42.68,334.28
215,2025-09-01 10:21:15,103.39,47.81,332.43
216,2025-09-01 10:21:20,98.21,47.39,327.25
217,2025-09-01 10:21:25,100.01,46.7,329.05
218,2025-09-01 10:21:30,110.43,51.96,339.47
219,2025-09-01 10:21:35,113.27,50.44,342.31
220,2025-09-01 10:21:40,114.89,50.73,343.93
221,2025-09-01 10:21:45,105.15,56.0,334.19
222,2025-09-01 10:21:50,103.73,55.57,332.77
223,2025-09-01 10:21:55,103.41,55.65,332.45
224,2025-09-01 10:22:00,110.47,58.82,339.51
225,2025-09-01 10:22:05,104.45,52.39,333.49
226,2025-09-01 10:22:10,102.08,56.99,331.12
227,2025-09-01 10:22:15,103.77,55.01,332.81
228,2025-09-01 10:22:20,101.46,52.88,330.5
229,2025-09-01 10:22:25,99.33,52.78,328.37
230,2025-09-01 10:22:30,96.71,51.68,325.75
231,2025-09-01 10:22:35,93.32,50.18,322.36
232,2025-09-01 10:22:40,100.41,54.18,329.45
233,2025-09-01 10:22:45,110.37,52.09,339.41
234,2025-09-01 10:22:50,123.67,50.85,352.71
235,2025-09-01 10:22:55,120.56,53.43,349.6
236,2025-09-01 10:23:00,117.01,49.55,346.05
237,2025-09-01 10:23:05,113.4,46.52,342.44
238,2025-09-01 10:23:10,110.8,44.2,339.84
239,2025-09-01 10:23:15,112.94,43.44,341.98
240,2025-09-01 10:23:20,110.63,44.65,339.67
241,2025-09-01 10:23:25,112.98,43.09,342.02
242,2025-09-01 10:23:30,117.53,44.73,346.57
243,2025-09-01 10:23:35,116.4,43.47,345.44
244,2025-09-01 10:23:40,114.66,42.06,343.7
245,2025-09-01 10:23:45,114.12,41.13,343.16
246,2025-09-01 10:23:50,114.92,44.75,343.96
247,2025-09-01 10:23:55,118.92,44.26,347.96
248,2025-09-01 10:24:00,118.61,46.73,347.65
249,2025-09-01 10:24:05,118.98,46.71,348.02
250,2025-09-01 10:24:10,118.48,46.61,347.52
251,2025-09-01 10:24:15,119.17,48.16,348.21
252,2025-09-01 10:24:20,112.06,47.26,341.1
253,2025-09-01 10:24:25,110.43,44.93,339.47
254,2025-09-01 10:24:30,107.4,43.11,336.44
255,2025-09-01 10:24:35,88.75,46.28,317.79
256,2025-09-01 10:24:40,88.21,43.75,317.25
257,2025-09-01 10:24:45,93.96,47.83,323.0
258,2025-09-01 10:24:50,97.81,42.44,326.85
259,2025-09-01 10:24:55,103.98,48.03,333.02
260,2025-09-01 10:25:00,113.75,40.48,342.79
261,2025-09-01 10:25:05,118.74,44.38,347.78
262,2025-09-01 10:25:10,127.12,41.75,356.16
263,2025-09-01 10:25:15,120.27,44.45,349.31
264,2025-09-01 10:25:20,107.57,48.28,336.61
265,2025-09-01 10:25:25,105.03,49.19,334.07
266,2025-09-01 10:25:30,108.13,47.6,337.17
267,2025-09-01 10:25:35,107.38,44.64,336.42
268,2025-09-01 10:25:40,107.56,43.01,336.6
269,2025-09-01 10:25:45,110.64,38.92,339.68
270,2025-09-01 10:25:50,108.94,36.85,337.98
271,2025-09-01 10:25:55,102.71,38.47,331.75
272,2025-09-01 10:26:00,105.36,37.77,334.4
273,2025-09-01 10:26:05,107.15,38.73,336.19
274,2025-09-01 10:26:10,114.74,41.25,343.78
275,2025-09-01 10:26:15,117.26,43.82,346.3
276,2025-09-01 10:26:20,111.53,43.07,340.57
277,2025-09-01 10:26:25,109.56,44.02,338.6
278,2025-09-01 10:26:30,101.21,45.9,330.25
279,2025-09-01 10:26:35,101.72,45.17,330.76
280,2025-09-01 10:26:40,104.99,46.81,334.03
281,2025-09-01 10:26:45,109.98,45.96,339.02
282,2025-09-01 10:26:50,107.72,48.14,336.76
283,2025-09-01 10:26:55,107.16,45.21,336.2
284,2025-09-01 10:27:00,109.22,50.82,338.26
285,2025-09-01 10:27:05,109.22,50.77,338.26
286,2025-09-01 10:27:10,107.49,50.96,336.53
287,2025-09-01 10:27:15,108.04,50.75,337.08
288,2025-09-01 10:27:20,114.52,51.66,343.56
289,2025-09-01 10:27:25,118.48,50.13,347.52
290,2025-09-01 10:27:30,113.76,47.04,342.8
291,2025-09-01 10:27:35,111.78,44.87,340.82
292,2025-09-01 10:27:40,111.8,41.98,340.84
293,2025-09-01 10:27:45,113.29,38.96,342.33
294,2025-09-01 10:27:50,115.47,37.1,344.51
295,2025-09-01 10:27:55,116.56,38.15,345.6
296,2025-09-01 10:28:00,116.56,42.18,345.6
297,2025-09-01 10:28:05,112.44,44.17,341.48
298,2025-09-01 10:28:10,113.52,44.32,342.56
299,2025-09-01 10:28:15,115.61,46.3,344.65
300,2025-09-01 10:28:20,116.07,46.25,345.11
301,2025-09-01 10:28:25,117.7,44.53,346.74
302,2025-09-01 10:28:30,119.72,41.53,348.76
303,2025-09-01 10:28:35,120.44,39.72,349.48
304,2025-09-01 10:28:40,120.65,42.12,349.69
305,2025-09-01 10:28:45,116.94,46.86,345.98
306,2025-09-01 10:28:50,108.61,48.09,337.65
307,2025-09-01 10:28:55,106.07,50.47,335.11
308,2025-09-01 10:29:00,105.81,50.11,334.85
309,2025-09-01 10:29:05,103.59,50.86,332.63
310,2025-09-01 10:29:10,104.93,48.54,333.97
311,2025-09-01 10:29:15,108.48,44.74,337.52
312,2025-09-01 10:29:20,107.48,41.05,336.52
313,2025-09-01 10:29:25,112.06,42.69,341.1
314,2025-09-01 10:29:30,116.7,44.66,345.74
315,2025-09-01 10:29:35,116.94,44.15,345.98
316,2025-09-01 10:29:40,108.78,50.58,337.82
317,2025-09-01 10:29:45,104.45,49.88,333.49
318,2025-09-01 10:29:50,98.45,50.51,327.49
319,2025-09-01 10:29:55,97.33,51.41,326.37
320,2025-09-01 10:30:00,107.31,50.98,336.35
321,2025-09-01 10:30:05,110.39,48.63,339.43
322,2025-09-01 10:30:10,113.34,47.52,342.38
323,2025-09-01 10:30:15,110.71,44.03,339.75
324,2025-09-01 10:30:20,112.76,44.33,341.8
325,2025-09-01 10:30:25,110.32,44.71,339.36
326,2025-09-01 10:30:30,105.04,44.2,334.08
327,2025-09-01 10:30:35,103.91,46.8,332.95
328,2025-09-01 10:30:40,109.31,47.2,338.35
329,2025-09-01 10:30:45,110.35,47.36,339.39
330,2025-09-01 10:30:50,112.17,48.31,341.21
331,2025-09-01 10:30:55,112.66,50.23,341.7
332,2025-09-01 10:31:00,118.42,52.37,347.46
333,2025-09-01 10:31:05,117.08,54.36,346.12
334,2025-09-01 10:31:10,116.12,54.15,345.16
335,2025-09-01 10:31:15,119.48,49.08,348.52
336,2025-09-01 10:31:20,115.51,48.26,344.55
337,2025-09-01 10:31:25,111.76,46.71,340.8
338,2025-09-01 10:31:30,106.18,46.73,335.22
339,2025-09-01 10:31:35,104.08,44.23,333.12
340,2025-09-01 10:31:40,104.37,41.75,333.41
341,2025-09-01 10:31:45,103.72,38.63,332.76
342,2025-09-01 10:31:50,111.36,38.05,340.4
343,2025-09-01 10:31:55,111.04,44.05,340.08
344,2025-09-01 10:32:00,109.26,45.71,338.3
345,2025-09-01 10:32:05,110.55,44.96,339.59
346,2025-09-01 10:32:10,109.48,46.89,338.52
347,2025-09-01 10:32:15,112.35,49.16,341.39
348,2025-09-01 10:32:20,113.92,50.86,342.96
349,2025-09-01 10:32:25,109.28,50.06,338.32
350,2025-09-01 10:32:30,113.74,46.91,342.78
351,2025-09-01 10:32:35,119.22,48.52,348.26
352,2025-09-01 10:32:40,111.86,50.48,340.9
353,2025-09-01 10:32:45,119.29,51.22,348.33
354,2025-09-01 10:32:50,116.67,51.06,345.71
355,2025-09-01 10:32:55,114.8,51.0,343.84
356,2025-09-01 10:33:00,113.6,50.09,342.64
357,2025-09-01 10:33:05,116.04,50.71,345.08
358,2025-09-01 10:33:10,117.26,51.97,346.3
359,2025-09-01 10:33:15,116.49,51.97,345.53
360,2025-09-01 10:33:20,123.38,50.99,352.42
361,2025-09-01 10:33:25,122.51,47.66,351.55
362,2025-09-01 10:33:30,123.39,45.45,352.43
363,2025-09-01 10:33:35,122.0,45.49,351.04
364,2025-09-01 10:33:40,123.2,46.12,352.24
365,2025-09-01 10:33:45,116.28,47.83,345.32
366,2025-09-01 10:33:50,109.97,48.59,339.01
367,2025-09-01 10:33:55,106.99,49.33,336.03
368,2025-09-01 10:34:00,113.9,52.94,342.94
369,2025-09-01 10:34:05,118.67,54.82,347.71
370,2025-09-01 10:34:10,119.07,55.09,348.11
371,2025-09-01 10:34:15,116.93,49.46,345.97
372,2025-09-01 10:34:20,123.61,42.22,352.65
373,2025-09-01 10:34:25,131.98,44.13,1.02
374,2025-09-01 10:34:30,133.82,45.03,2.86
375,2025-09-01 10:34:35,136.78,44.92,5.82
376,2025-09-01 10:34:40,110.18,44.72,339.22
377,2025-09-01 10:34:45,108.61,41.42,337.65
378,2025-09-01 10:34:50,108.51,43.1,337.55
379,2025-09-01 10:34:55,108.92,46.24,337.96
380,2025-09-01 10:35:00,110.22,50.23,339.26
381,2025-09-01 10:35:05,111.36,51.85,340.4
382,2025-09-01 10:35:10,111.37,52.99,340.41
383,2025-09-01 10:35:15,109.95,49.81,338.99
384,2025-09-01 10:35:20,113.1,48.64,342.14
385,2025-09-01 10:35:25,111.09,50.51,340.13
386,2025-09-01 10:35:30,104.56,51.3,333.6
387,2025-09-01 10:35:35,98.63,49.47,327.67
388,2025-09-01 10:35:40,92.96,49.96,322.0
389,2025-09-01 10:35:45,90.98,51.4,320.02
390,2025-09-01 10:35:50,89.15,51.28,318.19
391,2025-09-01 10:35:55,90.07,50.27,319.11
392,2025-09-01 10:36:00,97.99,53.01,327.03
393,2025-09-01 10:36:05,93.33,54.9,322.37
394,2025-09-01 10:36:10,90.74,53.83,319.78
395,2025-09-01 10:36:15,88.4,49.93,317.44
396,2025-09-01 10:36:20,88.86,45.86,317.9
397,2025-09-01 10:36:25,95.76,47.39,324.8
398,2025-09-01 10:36:30,98.85,45.45,327.89
399,2025-09-01 10:36:35,99.35,47.51,328.39
400,2025-09-01 10:36:40,102.87,47.66,331.91
401,2025-09-01 10:36:45,108.3,45.71,337.34
402,2025-09-01 10:36:50,107.33,45.13,336.37
403,2025-09-01 10:36:55,106.22,45.99,335.26
404,2025-09-01 10:37:00,101.31,48.35,330.35
405,2025-09-01 10:37:05,96.41,48.58,325.45
406,2025-09-01 10:37:10,95.3,49.65,324.34000000000003
407,2025-09-01 10:37:15,107.16,47.69,336.2
408,2025-09-01 10:37:20,116.28,45.56,345.32
409,2025-09-01 10:37:25,115.91,47.35,344.95
410,2025-09-01 10:37:30,111.75,46.77,340.79
411,2025-09-01 10:37:35,101.56,45.02,330.6
412,2025-09-01 10:37:40,99.95,45.02,328.99
413,2025-09-01 10:37:45,93.15,46.21,322.19
414,2025-09-01 10:37:50,92.83,43.98,321.87
415,2025-09-01 10:37:55,94.84,43.33,323.88
416,2025-09-01 10:38:00,100.89,41.51,329.93
417,2025-09-01 10:38:05,97.52,43.79,326.56
418,2025-09-01 10:38:10,91.08,43.46,320.12
419,2025-09-01 10:38:15,94.49,49.54,323.53
420,2025-09-01 10:38:20,98.54,48.07,327.58
421,2025-09-01 10:38:25,94.48,48.26,323.52
422,2025-09-01 10:38:30,97.93,50.76,326.97
423,2025-09-01 10:38:35,107.95,52.21,336.99
424,2025-09-01 10:38:40,107.69,55.67,336.73
425,2025-09-01 10:38:45,105.45,56.0,334.49
426,2025-09-01 10:38:50,95.11,57.29,324.15
427,2025-09-01 10:38:55,93.01,55.97,322.05
428,2025-09-01 10:39:00,92.36,51.87,321.4
429,2025-09-01 10:39:05,91.8,45.82,320.84000000000003
430,2025-09-01 10:39:10,92.81,44.54,321.85
431,2025-09-01 10:39:15,99.11,48.85,328.15
432,2025-09-01 10:39:20,102.11,46.46,331.15
433,2025-09-01 10:39:25,116.88,47.51,345.92
434,2025-09-01 10:39:30,116.48,45.88,345.52
435,2025-09-01 10:39:35,118.46,45.14,347.5
436,2025-09-01 10:39:40,107.89,41.98,336.93
437,2025-09-01 10:39:45,102.26,41.44,331.3
438,2025-09-01 10:39:50,97.43,41.79,326.47
439,2025-09-01 10:39:55,97.47,45.2,326.51
440,2025-09-01 10:40:00,98.12,46.07,327.15999999999997
441,2025-09-01 10:40:05,103.56,48.31,332.6
442,2025-09-01 10:40:10,106.11,46.83,335.15
443,2025-09-01 10:40:15,105.43,45.51,334.47
444,2025-09-01 10:40:20,105.94,45.48,334.98
445,2025-09-01 10:40:25,101.15,48.21,330.19
446,2025-09-01 10:40:30,86.58,46.64,315.62
447,2025-09-01 10:40:35,81.51,46.53,310.55
448,2025-09-01 10:40:40,80.08,46.9,309.12
449,2025-09-01 10:40:45,94.98,41.18,324.02
450,2025-09-01 10:40:50,94.19,42.38,323.23
451,2025-09-01 10:40:55,93.06,43.12,322.1
452,2025-09-01 10:41:00,89.28,45.87,318.32
453,2025-09-01 10:41:05,90.52,44.86,319.56
454,2025-09-01 10:41:10,92.06,44.5,321.1
455,2025-09-01 10:41:15,90.05,47.9,319.09000000000003
456,2025-09-01 10:41:20,90.11,48.88,319.15
457,2025-09-01 10:41:25,92.89,48.68,321.93
458,2025-09-01 10:41:30,96.49,53.63,325.53
459,2025-09-01 10:41:35,107.46,53.69,336.5
460,2025-09-01 10:41:40,114.49,52.03,343.53
461,2025-09-01 10:41:45,111.23,50.74,340.27
462,2025-09-01 10:41:50,110.82,46.53,339.86
463,2025-09-01 10:41:55,110.83,47.48,339.87
464,2025-09-01 10:42:00,115.19,50.76,344.23
465,2025-09-01 10:42:05,107.62,50.5,336.66
466,2025-09-01 10:42:10,105.21,49.32,334.25
467,2025-09-01 10:42:15,101.98,47.66,331.02
468,2025-09-01 10:42:20,105.56,51.33,334.6
469,2025-09-01 10:42:25,109.61,48.92,338.65
470,2025-09-01 10:42:30,111.13,48.15,340.17
471,2025-09-01 10:42:35,104.62,51.91,333.66
472,2025-09-01 10:42:40,101.02,48.21,330.06
473,2025-09-01 10:42:45,100.89,46.12,329.93
474,2025-09-01 10:42:50,98.73,46.57,327.77
475,2025-09-01 10:42:55,102.57,45.58,331.61
476,2025-09-01 10:43:00,111.46,49.04,340.5
477,2025-09-01 10:43:05,111.08,52.83,340.12
478,2025-09-01 10:43:10,113.56,52.16,342.6
479,2025-09-01 10:43:15,112.04,54.45,341.08
480,2025-09-01 10:43:20,119.45,54.71,348.49
481,2025-09-01 10:43:25,114.09,52.32,343.13
482,2025-09-01 10:43:30,108.34,51.67,337.38
483,2025-09-01 10:43:35,104.24,49.17,333.28
484,2025-09-01 10:43:40,102.27,47.67,331.31
485,2025-09-01 10:43:45,98.59,49.53,327.63
486,2025-09-01 10:43:50,93.15,48.96,322.19
487,2025-09-01 10:43:55,91.14,44.35,320.18
488,2025-09-01 10:44:00,93.56,46.42,322.6
489,2025-09-01 10:44:05,92.35,42.71,321.39
490,2025-09-01 10:44:10,92.32,47.0,321.36
491,2025-09-01 10:44:15,88.95,46.98,317.99
492,2025-09-01 10:44:20,88.31,49.24,317.35
493,2025-09-01 10:44:25,100.18,46.95,329.22
494,2025-09-01 10:44:30,101.36,47.8,330.4
495,2025-09-01 10:44:35,102.52,47.79,331.56
496,2025-09-01 10:44:40,106.31,43.42,335.35
497,2025-09-01 10:44:45,108.35,39.48,337.39
498,2025-09-01 10:44:50,111.52,41.95,340.56
499,2025-09-01 10:44:55,106.66,47.33,335.7
500,2025-09-01 10:45:00,101.59,50.55,330.63
501,2025-09-01 10:45:05,104.19,48.73,333.23
502,2025-09-01 10:45:10,100.31,47.6,329.35
503,2025-09-01 10:45:15,95.13,48.26,324.17
504,2025-09-01 10:45:20,86.88,48.48,315.92
505,2025-09-01 10:45:25,84.33,48.23,313.37
506,2025-09-01 10:45:30,77.71,47.91,306.75
507,2025-09-01 10:45:35,80.39,48.4,309.43
508,2025-09-01 10:45:40,89.93,51.15,318.97
509,2025-09-01 10:45:45,93.51,50.08,322.55
510,2025-09-01 10:45:50,106.22,49.89,335.26
511,2025-09-01 10:45:55,108.85,46.93,337.89
512,2025-09-01 10:46:00,107.39,44.15,336.43
513,2025-09-01 10:46:05,101.86,41.77,330.9
514,2025-09-01 10:46:10,98.45,41.03,327.49
515,2025-09-01 10:46:15,98.18,38.05,327.22
516,2025-09-01 10:46:20,92.76,39.18,321.8
517,2025-09-01 10:46:25,90.77,39.76,319.81
518,2025-09-01 10:46:30,95.77,42.0,324.81
519,2025-09-01 10:46:35,99.28,43.33,328.32
520,2025-09-01 10:46:40,99.78,45.7,328.82
521,2025-09-01 10:46:45,104.04,49.08,333.08
522,2025-09-01 10:46:50,105.51,49.92,334.55
523,2025-09-01 10:46:55,101.26,50.78,330.3
524,2025-09-01 10:47:00,93.53,51.02,322.57
525,2025-09-01 10:47:05,94.86,51.45,323.9
526,2025-09-01 10:47:10,95.82,51.84,324.86
527,2025-09-01 10:47:15,95.64,51.24,324.68
528,2025-09-01 10:47:20,99.35,49.3,328.39
529,2025-09-01 10:47:25,98.55,51.13,327.59000000000003
530,2025-09-01 10:47:30,91.67,48.12,320.71
531,2025-09-01 10:47:35,92.3,48.85,321.34000000000003
532,2025-09-01 10:47:40,77.57,47.48,306.61
533,2025-09-01 10:47:45,93.98,45.24,323.02
534,2025-09-01 10:47:50,103.06,44.66,332.1
535,2025-09-01 10:47:55,114.23,43.2,343.27
536,2025-09-01 10:48:00,120.96,44.8,350.0
537,2025-09-01 10:48:05,122.24,47.7,351.28
538,2025-09-01 10:48:10,122.94,50.39,351.98
539,2025-09-01 10:48:15,118.05,54.71,347.09
540,2025-09-01 10:48:20,109.18,51.37,338.22
541,2025-09-01 10:48:25,103.55,52.3,332.59
542,2025-09-01 10:48:30,102.16,54.84,331.2
543,2025-09-01 10:48:35,102.88,58.88,331.92
544,2025-09-01 10:48:40,103.69,56.93,332.73
545,2025-09-01 10:48:45,100.16,54.93,329.2
546,2025-09-01 10:48:50,102.35,51.54,331.39
547,2025-09-01 10:48:55,104.4,47.77,333.44
548,2025-09-01 10:49:00,105.2,46.78,334.24
549,2025-09-01 10:49:05,106.81,45.6,335.85
550,2025-09-01 10:49:10,105.15,46.75,334.19
551,2025-09-01 10:49:15,107.67,45.06,336.71
552,2025-09-01 10:49:20,109.33,44.43,338.37
553,2025-09-01 10:49:25,110.54,45.47,339.58
554,2025-09-01 10:49:30,106.65,46.88,335.69
555,2025-09-01 10:49:35,109.46,44.95,338.5
556,2025-09-01 10:49:40,112.1,47.88,341.14
557,2025-09-01 10:49:45,114.15,41.81,343.19
558,2025-09-01 10:49:50,113.21,32.1,342.25
559,2025-09-01 10:49:55,114.87,37.1,343.91
560,2025-09-01 10:50:00,102.89,45.55,331.93
561,2025-09-01 10:50:05,100.05,48.29,329.09
562,2025-09-01 10:50:10,95.16,48.39,324.2
563,2025-09-01 10:50:15,97.64,52.19,326.68
564,2025-09-01 10:50:20,98.29,56.85,327.33
565,2025-09-01 10:50:25,94.7,59.82,323.74
566,2025-09-01 10:50:30,95.65,62.37,324.69
567,2025-09-01 10:50:35,101.03,57.19,330.07
568,2025-09-01 10:50:40,105.35,51.91,334.39
569,2025-09-01 10:50:45,98.2,52.2,327.24
570,2025-09-01 10:50:50,100.84,48.88,329.88
571,2025-09-01 10:50:55,107.62,47.73,336.66
572,2025-09-01 10:51:00,111.33,45.69,340.37
573,2025-09-01 10:51:05,116.04,39.19,345.08
574,2025-09-01 10:51:10,116.78,39.2,345.82
575,2025-09-01 10:51:15,112.68,40.29,341.72
576,2025-09-01 10:51:20,108.69,43.05,337.73
577,2025-09-01 10:51:25,104.31,44.06,333.35
578,2025-09-01 10:51:30,102.21,47.85,331.25
579,2025-09-01 10:51:35,99.83,50.54,328.87
580,2025-09-01 10:51:40,94.66,51.4,323.7
581,2025-09-01 10:51:45,97.29,52.08,326.33
582,2025-09-01 10:51:50,98.52,52.39,327.56
583,2025-09-01 10:51:55,103.01,50.09,332.05
584,2025-09-01 10:52:00,100.15,49.92,329.19
585,2025-09-01 10:52:05,103.7,50.36,332.74
586,2025-09-01 10:52:10,105.15,52.16,334.19
587,2025-09-01 10:52:15,111.47,51.99,340.51
588,2025-09-01 10:52:20,114.33,50.84,343.37
589,2025-09-01 10:52:25,127.99,47.66,357.03
590,2025-09-01 10:52:30,123.45,46.14,352.49
591,2025-09-01 10:52:35,117.08,45.05,346.12
592,2025-09-01 10:52:40,116.08,41.21,345.12
593,2025-09-01 10:52:45,118.51,42.03,347.55
594,2025-09-01 10:52:50,111.21,44.48,340.25
595,2025-09-01 10:52:55,99.78,46.08,328.82
596,2025-09-01 10:53:00,94.25,48.17,323.29
597,2025-09-01 10:53:05,98.26,47.8,327.3
598,2025-09-01 10:53:10,101.08,48.19,330.12
599,2025-09-01 10:53:15,100.63,49.54,329.67
600,2025-09-01 10:53:20,102.43,51.59,331.47
601,2025-09-01 10:53:25,96.71,52.07,325.75
602,2025-09-01 10:53:30,95.29,49.95,324.33
603,2025-09-01 10:53:35,99.1,48.24,328.14
604,2025-09-01 10:53:40,98.8,49.28,327.84000000000003
605,2025-09-01 10:53:45,96.68,46.54,325.72
606,2025-09-01 10:53:50,96.49,48.01,325.53
607,2025-09-01 10:53:55,93.13,49.46,322.17
608,2025-09-01 10:54:00,95.71,51.24,324.75
609,2025-09-01 10:54:05,104.71,50.86,333.75
610,2025-09-01 10:54:10,110.85,49.25,339.89
611,2025-09-01 10:54:15,112.48,42.5,341.52
612,2025-09-01 10:54:20,111.74,40.83,340.78
613,2025-09-01 10:54:25,109.95,40.86,338.99
614,2025-09-01 10:54:30,108.0,42.25,337.04
615,2025-09-01 10:54:35,106.39,43.08,335.43
616,2025-09-01 10:54:40,104.63,43.4,333.67
617,2025-09-01 10:54:45,103.7,43.3,332.74
618,2025-09-01 10:54:50,103.81,45.34,332.85
619,2025-09-01 10:54:55,102.3,48.51,331.34
620,2025-09-01 10:55:00,107.1,51.52,336.14
621,2025-09-01 10:55:05,112.53,55.23,341.57
622,2025-09-01 10:55:10,102.98,54.85,332.02
623,2025-09-01 10:55:15,98.36,51.7,327.4
624,2025-09-01 10:55:20,95.92,51.67,324.96
625,2025-09-01 10:55:25,98.63,48.96,327.67
626,2025-09-01 10:55:30,105.38,47.67,334.42
627,2025-09-01 10:55:35,114.42,48.75,343.46
628,2025-09-01 10:55:40,117.75,52.22,346.79
629,2025-09-01 10:55:45,114.7,51.65,343.74
630,2025-09-01 10:55:50,115.21,51.02,344.25
631,2025-09-01 10:55:55,115.45,51.83,344.49
632,2025-09-01 10:56:00,113.86,48.46,342.9
633,2025-09-01 10:56:05,104.9,47.14,333.94
634,2025-09-01 10:56:10,104.1,43.5,333.14
635,2025-09-01 10:56:15,102.53,49.27,331.57
636,2025-09-01 10:56:20,101.7,49.54,330.74
637,2025-09-01 10:56:25,102.17,48.12,331.21
638,2025-09-01 10:56:30,100.49,50.11,329.53
639,2025-09-01 10:56:35,100.65,50.35,329.69
640,2025-09-01 10:56:40,99.67,53.36,328.71
641,2025-09-01 10:56:45,102.2,56.5,331.24
642,2025-09-01 10:56:50,100.83,51.49,329.87
643,2025-09-01 10:56:55,101.22,50.28,330.26
644,2025-09-01 10:57:00,100.88,48.06,329.92
645,2025-09-01 10:57:05,99.63,45.56,328.67
646,2025-09-01 10:57:10,91.43,47.32,320.47
647,2025-09-01 10:57:15,89.08,47.86,318.12
648,2025-09-01 10:57:20,91.31,46.96,320.35
649,2025-09-01 10:57:25,95.29,48.06,324.33
650,2025-09-01 10:57:30,93.86,49.52,322.9
651,2025-09-01 10:57:35,92.78,48.96,321.82
652,2025-09-01 10:57:40,94.77,48.19,323.81
653,2025-09-01 10:57:45,96.46,47.45,325.5
654,2025-09-01 10:57:50,99.43,44.38,328.47
655,2025-09-01 10:57:55,96.96,42.48,326.0
656,2025-09-01 10:58:00,95.98,41.88,325.02
657,2025-09-01 10:58:05,102.29,45.56,331.33
658,2025-09-01 10:58:10,100.7,44.83,329.74
659,2025-09-01 10:58:15,92.91,44.76,321.95
660,2025-09-01 10:58:20,89.01,44.8,318.05
661,2025-09-01 10:58:25,84.47,43.09,313.51
662,2025-09-01 10:58:30,84.75,43.94,313.79
663,2025-09-01 10:58:35,88.17,44.88,317.21
664,2025-09-01 10:58:40,94.75,45.19,323.79
665,2025-09-01 10:58:45,101.58,46.63,330.62
666,2025-09-01 10:58:50,102.37,49.59,331.41
667,2025-09-01 10:58:55,97.35,48.13,326.39
668,2025-09-01 10:59:00,92.85,48.38,321.89
669,2025-09-01 10:59:05,93.0,48.33,322.04
670,2025-09-01 10:59:10,97.76,46.82,326.8
671,2025-09-01 10:59:15,95.38,44.18,324.42
672,2025-09-01 10:59:20,101.1,45.16,330.14
673,2025-09-01 10:59:25,101.94,44.81,330.98
674,2025-09-01 10:59:30,100.26,44.35,329.3
675,2025-09-01 10:59:35,89.9,48.39,318.94
676,2025-09-01 10:59:40,91.72,49.23,320.76
677,2025-09-01 10:59:45,92.55,52.52,321.59000000000003
678,2025-09-01 10:59:50,97.92,51.16,326.96
679,2025-09-01 10:59:55,101.54,48.27,330.58
680,2025-09-01 11:00:00,102.61,47.57,331.65
681,2025-09-01 11:00:05,94.05,48.28,323.09000000000003
682,2025-09-01 11:00:10,80.44,47.57,309.48
683,2025-09-01 11:00:15,74.87,45.3,303.90999999999997
684,2025-09-01 11:00:20,75.03,41.84,304.07
685,2025-09-01 11:00:25,78.38,41.05,307.42
686,2025-09-01 11:00:30,88.45,42.88,317.49
687,2025-09-01 11:00:35,92.9,45.41,321.94
688,2025-09-01 11:00:40,96.09,45.14,325.13
689,2025-09-01 11:00:45,95.24,46.04,324.28
690,2025-09-01 11:00:50,95.1,47.15,324.14
691,2025-09-01 11:00:55,93.0,45.58,322.04
692,2025-09-01 11:01:00,98.86,45.01,327.9
693,2025-09-01 11:01:05,106.33,46.57,335.37
694,2025-09-01 11:01:10,113.44,44.86,342.48
695,2025-09-01 11:01:15,113.3,47.72,342.34
696,2025-09-01 11:01:20,118.23,46.76,347.27
697,2025-09-01 11:01:25,116.65,39.88,345.69
698,2025-09-01 11:01:30,81.91,39.89,310.95
699,2025-09-01 11:01:35,82.36,55.12,311.4
700,2025-09-01 11:01:40,90.71,58.55,319.75
701,2025-09-01 11:01:45,90.7,55.41,319.74
702,2025-09-01 11:01:50,93.82,55.41,322.86
703,2025-09-01 11:01:55,93.77,55.41,322.81
704,2025-09-01 11:02:00,88.6,60.6,317.64
705,2025-09-01 11:02:05,90.35,61.06,319.39
706,2025-09-01 11:02:10,90.36,51.66,319.4
707,2025-09-01 11:02:15,90.03,48.48,319.07
708,2025-09-01 11:02:20,94.58,50.41,323.62
709,2025-09-01 11:02:25,90.98,51.04,320.02
710,2025-09-01 11:02:30,88.17,50.53,317.21
711,2025-09-01 11:02:35,86.43,48.32,315.47
712,2025-09-01 11:02:40,91.62,43.21,320.65999999999997
713,2025-09-01 11:02:45,97.12,44.67,326.15999999999997
714,2025-09-01 11:02:50,102.76,43.43,331.8
715,2025-09-01 11:02:55,103.53,41.36,332.57
716,2025-09-01 11:03:00,103.49,43.3,332.53
717,2025-09-01 11:03:05,102.01,45.9,331.05
718,2025-09-01 11:03:10,103.55,45.33,332.59
719,2025-09-01 11:03:15,103.43,43.41,332.47
720,2025-09-01 11:03:20,95.55,42.6,324.59000000000003
721,2025-09-01 11:03:25,98.28,43.69,327.32
722,2025-09-01 11:03:30,103.0,44.4,332.04
723,2025-09-01 11:03:35,102.64,43.27,331.68
724,2025-09-01 11:03:40,101.73,42.21,330.77
725,2025-09-01 11:03:45,98.65,43.03,327.69
726,2025-09-01 11:03:50,96.0,43.4,325.04
727,2025-09-01 11:03:55,99.65,43.49,328.69
728,2025-09-01 11:04:00,96.46,44.12,325.5
729,2025-09-01 11:04:05,90.66,44.63,319.7
730,2025-09-01 11:04:10,87.57,44.61,316.61
731,2025-09-01 11:04:15,89.15,42.85,318.19
732,2025-09-01 11:04:20,94.24,42.41,323.28
733,2025-09-01 11:04:25,99.36,42.28,328.4
734,2025-09-01 11:04:30,102.91,42.71,331.95
735,2025-09-01 11:04:35,99.34,41.27,328.38
736,2025-09-01 11:04:40,95.28,41.23,324.32
737,2025-09-01 11:04:45,93.61,41.35,322.65
738,2025-09-01 11:04:50,90.98,43.16,320.02
739,2025-09-01 11:04:55,88.38,42.76,317.42
740,2025-09-01 11:05:00,93.36,40.36,322.4
741,2025-09-01 11:05:05,100.29,41.5,329.33
742,2025-09-01 11:05:10,103.66,44.46,332.7
743,2025-09-01 11:05:15,105.24,45.04,334.28
744,2025-09-01 11:05:20,101.76,46.4,330.8
745,2025-09-01 11:05:25,96.83,48.79,325.87
746,2025-09-01 11:05:30,89.71,49.53,318.75
747,2025-09-01 11:05:35,87.96,50.16,317.0
748,2025-09-01 11:05:40,87.59,48.0,316.63
749,2025-09-01 11:05:45,85.39,50.37,314.43
750,2025-09-01 11:05:50,83.13,52.51,312.17
751,2025-09-01 11:05:55,81.5,51.51,310.54
752,2025-09-01 11:06:00,88.69,48.68,317.73
753,2025-09-01 11:06:05,88.54,51.66,317.58
754,2025-09-01 11:06:10,90.26,51.55,319.3
755,2025-09-01 11:06:15,92.93,48.78,321.97
756,2025-09-01 11:06:20,96.45,43.49,325.49
757,2025-09-01 11:06:25,97.08,40.55,326.12
758,2025-09-01 11:06:30,96.09,44.39,325.13
759,2025-09-01 11:06:35,90.52,46.86,319.56
760,2025-09-01 11:06:40,85.15,48.39,314.19
761,2025-09-01 11:06:45,82.0,48.26,311.04
762,2025-09-01 11:06:50,81.74,49.12,310.78
763,2025-09-01 11:06:55,87.37,50.23,316.40999999999997
764,2025-09-01 11:07:00,87.88,50.63,316.92
765,2025-09-01 11:07:05,90.94,48.74,319.98
766,2025-09-01 11:07:10,91.21,47.63,320.25
767,2025-09-01 11:07:15,93.79,46.49,322.83
768,2025-09-01 11:07:20,99.29,47.87,328.33
769,2025-09-01 11:07:25,100.93,46.23,329.97
770,2025-09-01 11:07:30,103.56,48.3,332.6
771,2025-09-01 11:07:35,102.55,49.53,331.59
772,2025-09-01 11:07:40,100.41,46.62,329.45
773,2025-09-01 11:07:45,100.35,47.61,329.39
774,2025-09-01 11:07:50,97.03,46.87,326.07
775,2025-09-01 11:07:55,96.7,45.36,325.74
776,2025-09-01 11:08:00,100.43,44.7,329.47
777,2025-09-01 11:08:05,108.1,47.7,337.14
778,2025-09-01 11:08:10,106.63,46.84,335.67
779,2025-09-01 11:08:15,103.51,45.86,332.55
780,2025-09-01 11:08:20,101.67,45.08,330.71
781,2025-09-01 11:08:25,99.02,42.39,328.06
782,2025-09-01 11:08:30,100.88,43.22,329.92
783,2025-09-01 11:08:35,102.26,43.69,331.3
784,2025-09-01 11:08:40,101.4,42.76,330.44
785,2025-09-01 11:08:45,96.47,41.37,325.51
786,2025-09-01 11:08:50,95.88,40.03,324.92
787,2025-09-01 11:08:55,97.21,42.49,326.25
788,2025-09-01 11:09:00,95.81,45.37,324.85
789,2025-09-01 11:09:05,90.48,48.62,319.52
790,2025-09-01 11:09:10,83.39,51.66,312.43
791,2025-09-01 11:09:15,83.38,49.66,312.42
792,2025-09-01 11:09:20,85.77,49.8,314.81
793,2025-09-01 11:09:25,88.51,52.2,317.55
794,2025-09-01 11:09:30,93.44,45.97,322.48
795,2025-09-01 11:09:35,93.91,41.55,322.95
796,2025-09-01 11:09:40,96.33,44.66,325.37
797,2025-09-01 11:09:45,99.85,43.09,328.89
798,2025-09-01 11:09:50,101.7,39.54,330.74
799,2025-09-01 11:09:55,103.75,38.6,332.79
800,2025-09-01 11:10:00,102.11,38.84,331.15
801,2025-09-01 11:10:05,99.95,39.65,328.99
802,2025-09-01 11:10:10,97.31,40.27,326.35
803,2025-09-01 11:10:15,99.56,39.91,328.6
804,2025-09-01 11:10:20,100.42,45.8,329.46
805,2025-09-01 11:10:25,94.16,46.48,323.2
806,2025-09-01 11:10:30,93.86,46.92,322.9
807,2025-09-01 11:10:35,102.56,47.89,331.6
808,2025-09-01 11:10:40,106.99,47.32,336.03
809,2025-09-01 11:10:45,109.67,50.63,338.71
810,2025-09-01 11:10:50,109.67,50.63,338.71
811,2025-09-01 11:10:55,108.2,50.97,337.24
812,2025-09-01 11:11:00,103.2,50.59,332.24
813,2025-09-01 11:11:05,97.61,52.46,326.65
814,2025-09-01 11:11:10,97.5,52.92,326.54
815,2025-09-01 11:11:15,102.6,53.78,331.64
816,2025-09-01 11:11:20,100.87,53.33,329.91
817,2025-09-01 11:11:25,98.0,52.15,327.04
818,2025-09-01 11:11:30,98.24,53.91,327.28
819,2025-09-01 11:11:35,100.7,59.56,329.74
820,2025-09-01 11:11:40,104.79,60.07,333.83
821,2025-09-01 11:11:45,104.27,61.24,333.31
822,2025-09-01 11:11:50,103.43,58.91,332.47
823,2025-09-01 11:11:55,98.23,54.31,327.27
824,2025-09-01 11:12:00,93.18,52.64,322.22
825,2025-09-01 11:12:05,91.05,49.78,320.09000000000003
826,2025-09-01 11:12:10,92.66,46.06,321.7
827,2025-09-01 11:12:15,86.91,51.71,315.95
828,2025-09-01 11:12:20,87.69,55.26,316.73
829,2025-09-01 11:12:25,94.6,56.37,323.64
830,2025-09-01 11:12:30,101.36,56.57,330.4
831,2025-09-01 11:12:35,105.01,55.92,334.05
832,2025-09-01 11:12:40,106.8,55.18,335.84
833,2025-09-01 11:12:45,108.71,53.57,337.75
834,2025-09-01 11:12:50,111.34,56.31,340.38
835,2025-09-01 11:12:55,109.73,51.99,338.77
836,2025-09-01 11:13:00,112.81,46.33,341.85
837,2025-09-01 11:13:05,112.9,41.52,341.94
838,2025-09-01 11:13:10,114.2,39.01,343.24
839,2025-09-01 11:13:15,106.52,39.87,335.56
840,2025-09-01 11:13:20,102.51,44.09,331.55
841,2025-09-01 11:13:25,104.68,48.6,333.72
842,2025-09-01 11:13:30,104.21,51.92,333.25
843,2025-09-01 11:13:35,101.79,53.35,330.83
844,2025-09-01 11:13:40,97.92,52.38,326.96
845,2025-09-01 11:13:45,96.01,51.12,325.05
846,2025-09-01 11:13:50,94.53,49.54,323.57
847,2025-09-01 11:13:55,105.93,50.1,334.97
848,2025-09-01 11:14:00,110.45,44.23,339.49
849,2025-09-01 11:14:05,113.18,47.01,342.22
850,2025-09-01 11:14:10,108.71,46.99,337.75
851,2025-09-01 11:14:15,108.07,45.27,337.11
852,2025-09-01 11:14:20,104.53,48.62,333.57
853,2025-09-01 11:14:25,107.16,45.89,336.2
854,2025-09-01 11:14:30,109.33,42.06,338.37
855,2025-09-01 11:14:35,110.48,44.48,339.52
856,2025-09-01 11:14:40,108.67,46.36,337.71
857,2025-09-01 11:14:45,113.07,46.36,342.11
858,2025-09-01 11:14:50,111.41,48.0,340.45
859,2025-09-01 11:14:55,107.21,51.15,336.25
860,2025-09-01 11:15:00,105.57,52.47,334.61
861,2025-09-01 11:15:05,105.91,52.6,334.95
862,2025-09-01 11:15:10,104.74,54.61,333.78
863,2025-09-01 11:15:15,102.95,55.77,331.99
864,2025-09-01 11:15:20,103.35,55.94,332.39
865,2025-09-01 11:15:25,96.41,52.53,325.45
866,2025-09-01 11:15:30,86.9,50.23,315.94
867,2025-09-01 11:15:35,81.15,52.29,310.19
868,2025-09-01 11:15:40,89.56,51.04,318.6
869,2025-09-01 11:15:45,94.18,53.56,323.22
870,2025-09-01 11:15:50,108.25,55.58,337.29
871,2025-09-01 11:15:55,111.81,52.96,340.85
872,2025-09-01 11:16:00,110.23,49.34,339.27
873,2025-09-01 11:16:05,106.54,46.95,335.58
874,2025-09-01 11:16:10,102.06,49.87,331.1
875,2025-09-01 11:16:15,102.98,47.96,332.02
876,2025-09-01 11:16:20,102.99,47.96,332.03
877,2025-09-01 11:16:25,103.17,44.61,332.21
878,2025-09-01 11:16:30,102.5,45.01,331.54
879,2025-09-01 11:16:35,104.0,49.44,333.04
880,2025-09-01 11:16:40,105.55,46.58,334.59
881,2025-09-01 11:16:45,118.66,42.45,347.7
882,2025-09-01 11:16:50,120.06,42.94,349.1
883,2025-09-01 11:16:55,115.03,45.12,344.07
884,2025-09-01 11:17:00,108.51,45.62,337.55
885,2025-09-01 11:17:05,101.04,46.15,330.08
886,2025-09-01 11:17:10,87.45,46.86,316.49
887,2025-09-01 11:17:15,83.16,46.66,312.2
888,2025-09-01 11:17:20,88.79,51.02,317.83
889,2025-09-01 11:17:25,96.73,56.6,325.77
890,2025-09-01 11:17:30,98.98,52.48,328.02
891,2025-09-01 11:17:35,105.98,49.58,335.02
892,2025-09-01 11:17:40,108.9,49.69,337.94
893,2025-09-01 11:17:45,104.44,50.1,333.48
894,2025-09-01 11:17:50,96.91,46.21,325.95
895,2025-09-01 11:17:55,99.36,44.2,328.4
896,2025-09-01 11:18:00,102.77,43.64,331.81
897,2025-09-01 11:18:05,105.12,42.22,334.16
898,2025-09-01 11:18:10,103.62,39.45,332.66
899,2025-09-01 11:18:15,102.0,38.1,331.04
900,2025-09-01 11:18:20,93.3,42.79,322.34000000000003
901,2025-09-01 11:18:25,87.7,43.6,316.74
902,2025-09-01 11:18:30,87.2,45.73,316.24
903,2025-09-01 11:18:35,95.77,47.85,324.81
904,2025-09-01 11:18:40,100.8,49.88,329.84
905,2025-09-01 11:18:45,100.94,47.25,329.98
906,2025-09-01 11:18:50,98.25,46.74,327.29
907,2025-09-01 11:18:55,94.49,45.58,323.53
908,2025-09-01 11:19:00,93.15,45.24,322.19
909,2025-09-01 11:19:05,94.19,43.58,323.23
910,2025-09-01 11:19:10,96.49,42.82,325.53
911,2025-09-01 11:19:15,94.27,44.42,323.31
912,2025-09-01 11:19:20,94.18,44.47,323.22
913,2025-09-01 11:19:25,96.44,44.47,325.48
914,2025-09-01 11:19:30,99.5,40.31,328.54
915,2025-09-01 11:19:35,104.03,38.12,333.07
916,2025-09-01 11:19:40,102.91,38.87,331.95
917,2025-09-01 11:19:45,102.84,38.74,331.88
918,2025-09-01 11:19:50,97.05,40.91,326.09000000000003
919,2025-09-01 11:19:55,94.02,42.27,323.06
920,2025-09-01 11:20:00,93.62,42.99,322.65999999999997
921,2025-09-01 11:20:05,99.08,45.0,328.12
922,2025-09-01 11:20:10,95.65,47.19,324.69
923,2025-09-01 11:20:15,101.71,49.56,330.75
924,2025-09-01 11:20:20,109.56,46.05,338.6
925,2025-09-01 11:20:25,110.55,46.34,339.59
926,2025-09-01 11:20:30,107.76,42.87,336.8
927,2025-09-01 11:20:35,104.1,42.74,333.14
928,2025-09-01 11:20:40,101.24,40.69,330.28
929,2025-09-01 11:20:45,97.2,42.82,326.24
930,2025-09-01 11:20:50,96.51,43.83,325.55
931,2025-09-01 11:20:55,93.28,44.71,322.32
932,2025-09-01 11:21:00,96.76,42.78,325.8
933,2025-09-01 11:21:05,95.95,40.96,324.99
934,2025-09-01 11:21:10,97.85,41.06,326.89
935,2025-09-01 11:21:15,99.25,43.17,328.29
936,2025-09-01 11:21:20,100.44,43.04,329.48
937,2025-09-01 11:21:25,100.03,41.73,329.07
938,2025-09-01 11:21:30,100.43,43.87,329.47
939,2025-09-01 11:21:35,95.12,47.41,324.15999999999997
940,2025-09-01 11:21:40,94.03,48.68,323.07
941,2025-09-01 11:21:45,92.8,50.71,321.84000000000003
942,2025-09-01 11:21:50,90.57,54.8,319.61
943,2025-09-01 11:21:55,95.02,55.01,324.06
944,2025-09-01 11:22:00,105.79,52.82,334.83
945,2025-09-01 11:22:05,113.99,48.51,343.03
946,2025-09-01 11:22:10,112.54,50.02,341.58
947,2025-09-01 11:22:15,110.37,48.18,339.41
948,2025-09-01 11:22:20,111.35,44.19,340.39
949,2025-09-01 11:22:25,117.71,41.67,346.75
950,2025-09-01 11:22:30,116.83,41.48,345.87
951,2025-09-01 11:22:35,113.73,44.36,342.77
952,2025-09-01 11:22:40,113.77,44.16,342.81
953,2025-09-01 11:22:45,112.62,42.35,341.66
954,2025-09-01 11:22:50,114.2,41.4,343.24
955,2025-09-01 11:22:55,111.89,39.1,340.93
956,2025-09-01 11:23:00,107.73,38.73,336.77
957,2025-09-01 11:23:05,104.43,36.92,333.47
958,2025-09-01 11:23:10,93.85,37.73,322.89
959,2025-09-01 11:23:15,93.77,37.93,322.81
960,2025-09-01 11:23:20,91.27,41.35,320.31
961,2025-09-01 11:23:25,87.22,44.57,316.26
962,2025-09-01 11:23:30,86.67,46.46,315.71
963,2025-09-01 11:23:35,87.05,46.16,316.09000000000003
964,2025-09-01 11:23:40,84.13,46.19,313.17
965,2025-09-01 11:23:45,85.36,47.42,314.4
966,2025-09-01 11:23:50,90.67,52.51,319.71
967,2025-09-01 11:23:55,94.32,54.01,323.36
968,2025-09-01 11:24:00,104.0,47.93,333.04
969,2025-09-01 11:24:05,111.1,43.25,340.14
970,2025-09-01 11:24:10,113.08,41.94,342.12
971,2025-09-01 11:24:15,104.43,41.98,333.47
972,2025-09-01 11:24:20,105.71,41.77,334.75
973,2025-09-01 11:24:25,108.9,44.26,337.94
974,2025-09-01 11:24:30,105.18,45.2,334.22
975,2025-09-01 11:24:35,106.21,45.3,335.25
976,2025-09-01 11:24:40,102.29,45.78,331.33
977,2025-09-01 11:24:45,102.96,48.35,332.0
978,2025-09-01 11:24:50,105.74,46.77,334.78
979,2025-09-01 11:24:55,108.35,47.05,337.39
980,2025-09-01 11:25:00,105.54,47.53,334.58
981,2025-09-01 11:25:05,102.49,50.05,331.53
982,2025-09-01 11:25:10,103.65,50.58,332.69
983,2025-09-01 11:25:15,102.08,48.72,331.12
984,2025-09-01 11:25:20,100.9,48.32,329.94
985,2025-09-01 11:25:25,101.67,44.61,330.71
986,2025-09-01 11:25:30,101.52,43.73,330.56
987,2025-09-01 11:25:35,96.41,45.47,325.45
988,2025-09-01 11:25:40,99.28,46.88,328.32
989,2025-09-01 11:25:45,92.21,50.32,321.25
990,2025-09-01 11:25:50,93.04,50.44,322.08
991,2025-09-01 11:25:55,98.25,49.45,327.29
992,2025-09-01 11:26:00,108.3,49.3,337.34
993,2025-09-01 11:26:05,115.01,49.21,344.05
994,2025-09-01 11:26:10,114.23,46.98,343.27
995,2025-09-01 11:26:15,109.69,46.76,338.73
996,2025-09-01 11:26:20,101.67,46.63,330.71
997,2025-09-01 11:26:25,98.0,48.21,327.04
998,2025-09-01 11:26:30,100.86,47.39,329.9
999,2025-09-01 11:26:35,99.71,48.78,328.75
